<?xml version="1.0" encoding="UTF-8"?>
<project-private xmlns="http://www.netbeans.org/ns/project-private/1">
    <editor-bookmarks xmlns="http://www.netbeans.org/ns/editor-bookmarks/2" lastBookmarkId="0"/>
    <open-files xmlns="http://www.netbeans.org/ns/projectui-open-files/2">
        <group>
            <file>file:/C:/Users/Shreya/OneDrive/Documents/NetBeansProjects/JavaStdApp/src/addAdmin.java</file>
            <file>file:/C:/Users/Shreya/OneDrive/Documents/NetBeansProjects/JavaStdApp/src/admin.java</file>
            <file>file:/C:/Users/Shreya/OneDrive/Documents/NetBeansProjects/JavaStdApp/src/feeDetails.java</file>
            <file>file:/C:/Users/Shreya/OneDrive/Documents/NetBeansProjects/JavaStdApp/src/student.java</file>
            <file>file:/C:/Users/Shreya/OneDrive/Documents/NetBeansProjects/JavaStdApp/src/Result.java</file>
            <file>file:/C:/Users/Shreya/OneDrive/Documents/NetBeansProjects/JavaStdApp/src/Home.java</file>
            <file>file:/C:/Users/Shreya/OneDrive/Documents/NetBeansProjects/JavaStdApp/src/showStudent.java</file>
            <file>file:/C:/Users/Shreya/OneDrive/Documents/NetBeansProjects/JavaStdApp/src/showAdmin.java</file>
            <file>file:/C:/Users/Shreya/OneDrive/Documents/NetBeansProjects/JavaStdApp/src/RegistrationPage.java</file>
            <file>file:/C:/Users/Shreya/OneDrive/Documents/NetBeansProjects/JavaStdApp/src/Attendance.java</file>
        </group>
    </open-files>
</project-private>
